{"colors":[[1.0,0.0,0.099999905],[0.0,0.6000004,1.0],[0.70000005,1.0,0.100000024]],"table":[[0.3815056,0.82214403,-0.8724077],[0.11264598,0.9858558,-0.264872],[-0.45682234,0.7484169,0.09295261]]}