{"colors":[[1.0,0.100000024,0.100000024],[0.100000024,1.0,0.10000026],[0.10000044,0.100000024,1.0],[0.50000024,0.100000024,1.0],[1.0,0.100000024,0.49999976],[1.0,0.99999976,0.100000024]],"table":[[1.0,0.3,0.0,0.0,0.0,-0.2],[-0.2,1.0,0.3,0.0,0.0,0.0],[0.0,-0.2,1.0,0.3,0.0,0.0],[0.0,0.0,-0.2,1.0,0.3,0.0],[0.0,0.0,0.0,-0.2,1.0,0.3],[0.3,0.0,0.0,0.0,-0.2,1.0]]}