{"colors":[[1.0,0.06666666,0.06666666],[0.84513927,0.12073433,0.0],[1.0,0.40000033,0.0],[0.9341749,0.7368557,0.07090417],[1.0,0.7485715,0.3714286]],"table":[[0.179335,-0.10259473,-0.70056415,0.38700354,0.8052001],[0.38133466,-0.63168716,-0.29456753,0.40855253,-0.12179744],[0.154477,-0.20009601,-0.56273454,0.45767176,-0.19703066],[0.7527156,0.87289333,0.1858176,-0.507991,0.30899847],[0.53512144,-0.1640526,-0.33776015,-0.9775295,-0.61590356]]}