{"colors":[[1.0,0.100000024,0.100000024],[0.84513927,0.16902769,0.0],[1.0,0.79999995,0.0],[0.56420153,0.9341749,0.07090417],[0.19356214,0.96780926,0.0],[0.13997161,0.7366747,0.37865278],[0.13304913,0.57766557,0.5446741],[0.09338048,0.4073766,0.8783711],[0.245286,0.06241584,0.5957876],[0.7000158,0.07585314,0.8849533],[0.84513927,0.04829367,0.5491677],[0.84513927,0.04829367,0.18489547]],"table":[[-0.62586284,0.9514351,0.5554974,0.7194629,0.541394,-0.8889742,-0.8861842,-0.006508708,0.09030354,-0.9063976,0.7152307,0.41334307],[0.0072864294,0.7492533,0.30946672,0.099743485,-0.38376468,0.32967365,0.9082117,-0.2801072,0.17098963,0.4099642,-0.77647734,-0.4016816],[0.7993326,-0.003173709,-0.9712415,0.6396003,-0.052122235,0.9920068,0.29928744,-0.54022855,-0.38989562,-0.2850942,-0.91236925,-0.84421563],[-0.58737296,-0.62871766,-0.7184937,0.2640959,-0.4824745,-0.95887566,-0.6406996,0.96316886,-0.4391448,-0.8330426,0.7586591,0.28325617],[-0.44441074,0.16436183,-0.72286105,-0.4075076,0.9235008,0.5715246,0.8945117,0.6626253,-0.43375963,0.34695637,0.5039029,0.77919745],[-0.21772182,-0.062234282,0.96795464,0.9940765,0.40489852,0.17323291,0.44653285,-0.58650583,0.5595944,0.14282167,-0.0964061,-0.16714633],[0.48331082,-0.8197942,0.5316882,0.95590496,-0.6394701,-0.7395618,0.36603916,0.13980949,-0.5526747,0.8280585,0.47459662,0.053732276],[-0.8863051,0.42170227,0.59348965,0.8137016,0.060088277,-0.045723796,-0.21590555,0.42827284,0.687711,0.45724714,0.46155536,0.612519],[-0.24560249,0.98622346,-0.2567188,0.2194072,0.538177,0.3905617,0.19516742,-0.47366303,0.54398346,0.7152035,-0.39372844,-0.84489393],[0.5723345,0.0006855726,-0.029684901,0.8034284,-0.46712202,0.9231863,0.6295297,-0.058116794,0.54811335,-0.7735162,-0.0019723177,0.5361836],[0.39297402,-0.024944186,-0.96973085,-0.33659714,-0.75268364,0.8791163,0.5206351,0.25716984,-0.40862912,0.7325072,0.5229876,-0.08780539],[-0.37912005,-0.4876861,0.25884497,-0.31965035,0.81617403,0.03996384,-0.8549051,0.102253556,0.7565491,-0.9478066,-0.51093334,0.51633906]]}