{"colors":[[1.0,0.100000024,0.100000024],[0.100000024,1.0,0.10000026],[0.10000044,0.100000024,1.0]],"table":[[-0.82365704,-0.38429064,0.88678074],[0.52206564,-0.46419662,0.54695463],[0.32705033,0.17059433,-0.09272897]]}